product_id,description,size,volume,classification
1,Visionary explicit artificial intelligence,750mL,750,1
2,Focused bandwidth-monitored implementation,1.75L,1750,1
3,Grass-roots logistical productivity,1000mL,1000,1
4,Multi-lateral cohesive hub,750mL,750,1
5,Multi-channeled demand-driven secured line,375mL,375,1
6,Future-proofed tangible software,750mL,750,1
7,Stand-alone asynchronous portal,1000mL,1000,1
8,Sharable composite monitoring,750mL,750,1
9,Upgradable dynamic complexity,375mL,375,1
10,Persistent homogeneous flexibility,375mL,375,2
11,Sharable system-worthy open architecture,750mL,750,1
12,Face-to-face systemic Graphic Interface,375mL,375,2
13,Visionary zero-defect approach,1.75L,1750,1
14,Focused 5thgeneration workforce,1000mL,1000,2
15,Intuitive impactful flexibility,750mL,750,1
16,Cloned didactic open system,375mL,375,1
17,Universal foreground data-warehouse,1.75L,1750,2
18,Streamlined modular infrastructure,1.75L,1750,1
19,Stand-alone logistical circuit,375mL,375,1
20,Fundamental client-driven encryption,375mL,375,1
